ID, Artist , Song ,DateAdded
,May-68, The Prisoner,
,!!! (chk chk chk ," Jamie, My Intentions are Bass",
,!!! (Chk Chk Chk) , Pardon My Freedom,
,!!! [chk chk chk] ," Jamie, My Intentions Are Bass",
,3OH!3 , ROBOT,
,Ace of Base , All That She Wants,
,Ace of Base , Dont Turn Around,
,Ace of Base , The Sign,
,Adele , Rolling in the Deep,
,Alex Gaudino , Destination Calabria Feat. Christal Waters,
,Aqua , Barbie Girl,
,Arcade Fire , Neighborhood #3 (Power Out),
,Arcade Fire , Ready To Start,
,Arcade Fire , Rebellion (Lies),
,Architecture In Helsinki , Heart It Races,
,Arctic Monkeys , Fluorescent Adolescent,
,Atmosphere , She's Enough,
,Audioporno , Choo Choo (Bloody Beatroots Mix),
,Azealia Banks ," 212 Ft, Lazy Jay",
,Backstreet Boy , Everybody,
,Basement Jaxx , My Turn (ft Lightspeed Champion),
,Basement Jaxx , Where's Your Head At,
,Bassnectar, The 808 Track feat. Mighty High Coup,
,Bassnectar , Upside Down,
,Beastie Boys , (You Gotta) Fight For Your Right (To Party),
,Beastie Boys , Brass Monkey,
,Beastie Boys , Fight For Your Right (To Party),
,Beastie Boys , Sabotage,
,Beck , Girl,
,Beck , Hell Yes,
,Bel Biv DeVoe , Poison,
,Belly,I Drink I Smoke,
,Benny Benassi , All The Way (Live) (Ft. Ying Yang Twins),
,Benny Benassi , Cinema (Skrillex Remix),
,Benny Benassi , Satisfaction,
,Benny Benassi , Who's your Daddy,
,Benny Bennasi , All The Way Live (ft. The Ying Yang Twins),
,Benny Bennassi , Who's Your Daddy,
,Beyoncé , Single Ladies (Put A Ring On It),
,Big Sean , Dance (A$$) Remix ft. Nicki Minaj,
,Big Tymers , Still Fly,
,Billy Idol , Dancing With Myself,
,Billy Idol , Rebel Yell,
,Bis , Eurodisco,
,Bloc Party , Banquet,
,Bloc Party , Flux,
,Bloc Party , Helicopters,
,Bloodhound Gang , The Bad Touch (Discovery Channel Song),
,Blur , Boys & Girls,
,Bobby Brown , My Perogative,
,Body Rox,Yeah Yeah,
,Boy Crisis , The Fountain of Youth,
,Boyz II Men , Motown Philly,
,Bring Me The Horizon , Chelsea Smile (K C Blitz),
,Bring Me The Horizon , The Sadness Will Never End (Skrillex Remix),
,Britney Spears , Toxic,
,Britney Spears , Womanizer,
,Broken Social Scene , Texico Bitches,
,Cali Swag District,Teach Me How to Dougie Dirty Version,
,Cali Swag District , Teach Me How To Dougie,
,Cee Lo Green , Fuck you,
,Chiddy Bang , Mind Your Manners (Feat. Icona Pop),
,Childish Gambino , Bonfire,
,Childish Gambino , Freaks And Geeks,
,Christina Aguilera , Dirrty,
,Christina Aguilera  , WooHoo (featuring Nicki Minaj),
,Chromeo , Dont Turn the Lights On,
,Chromeo , Fancy Footwork,
,Chromeo , Hot Mess,
,Chromeo , Needy Girl,
,Chromeo , Night By Night,
,Chumbawamba , Tubthumping,
,Clap Your Hands and Say Yeah , The Skin of My Yellow Country Teeth,
,Computer Club, Bizarre Love Triangle,
,Computers Want Me Dead , In Your Blood,
,Computers Want Me Dead , Little Steps,
,Computers Want Me Dead , We Walk In Circles,
,Creature , Pop Culture,
,Creature ," Who's Hot, Who's Not",
,Crystal Castles , Baptism,
,Crystal Castles , Celestica,
,Crystal Castles , Crimewave (Crystal Castles VS HEALTH),
,Crystal Castles , Untrust Us,
,CSS , Alala,
,CSS , Let's Make Love and Listen to Death From Above,
,Cut Copy , Lights & Music,
,Daft Punk , Around The World,
,Daft Punk , Harder Better Faster,
,Daft Punk , One More Time,
,Daft Punk , Technologic,
,Danger , 11h30,
,Darwin Deez , Radar Detector,
,Datarock , Computer Camp Love,
,Datarock , Fa Fa Fa,
,David Guetta and Chris Willis ft Fergie and LMFAO , Gettin' Over You,
,David Guetta feat Akon , Sexy Bitch,
,Deadmau5 , One Trick Pony (feat. SOFI),
,Deadmau5 , Professional Griefers,
,deadmau5 , Sofi Needs a Ladder,
,deadmau5 feat. Rob Swire , Ghosts N Stuff,
,Death From Above 1979 , Romatice Rights,
,Delphic , Doubt,
,Dev , Booty Bounce,
,DEV , In The Dark,
,Devo , Fresh,
,Devo , Whip it,
,Diamond Rings , I'm Just Me,
,Die Antwoord , Babies on Fire,
,Die Antwoord , Fatty Boom Boom,
,Die Antwoord , I Fink You Freeky,
,Die Antwoord , XP€N$IV $H1T,
,Digital Underground , The Humpty Dance,
,Digitalism , Idealistic,
,Disco D , Fuck Me On The Dance Floor (feat. Princess Superstar),
,Divinyls , I Touch Myself,
,Dj Jazzy Jeff and The Fresh Prince , Summertime,
,Dr Dre , The Next Episode,
,Dr Dre ,Ain't Nothin' But A G Thang,
,Dramarama ," Anything, Anything",
,Duck Sauce , Barbara Streisand,
,Duck Sauce , Big Bad Wolf,
,Edward Sharpe and The Magnetic Zeros , Home,
,Electric Guest , This Head I Hold,
,Electric Six , Danger! High Voltage,
,Electric Six , Gay Bar,
,Eminem , Shake That Ass (ft. Nate Dogg),
,Fatboy Slim , Rockafeller Skank,
,Fatboy Slim , Weapon of Choice.,
,Felix Cartal , H.U.N.T,
,Felix Da Housecat , Like Something 4 Porno,
,Fever Ray , Seven (The Twelves Remix),
,Fischerspooner , Never Win,
,Flight Facilities , Crave you Feat. Giselle,
,Flight Facilities , Foreign Language feat. Jess,
,Flight of the Conchords , Too Many Dicks On The Dance Floor,
,Florence + The Machine , Dog Days Are Over,
,Florence + The Machine , You've Got the Love,
,Foster The People , Helena Beat,
,Foster the People , I Would Do Anything For You,
,Foster The People , Love,
,Foster The People , Pumped Up Kicks,
,Fox N' Wolf , In Yr Underwear,
,Franz Ferdinand , Do You Want To.wmv,
,Franz Ferdinand , Micheal,
,Franz Ferdinand , Take Me Out,
,Franz Ferdinand , This Fire,
,Franz Ferdinand , Ulysses,
,Fraz Ferdinand , Do You Want To,
,Freestylers , Push Up,
,Fugazi , Waiting Room,
,Fun , We Are Young ft. Janelle Monáe,
,Get Low , Lil Jon and the East Side Boys,
,Ghostland Observatory , Sad Sad City,
,Giuseppe Ottaviani and Betsie Larkin , TOYS,
,Gnarls Barkley , Crazy,
,GoGoGo Airheart , When The Flesh Hits,
,Gogol Bordello , Pala Tute,
,Goldfrapp , Ooh La La,
,Goldfrapp , Rocket,
,Gorillaz , Feel Good Inc ft. De La Soul,
,Gravitonas and Roma Kenga , Everybody Dance,
,Groove Armada , History,
,Groove Armada , Superstylin,
,Groovewatchers , Sexy Girl,
,Gwen Stefani , Hollaback Girl,
,Hampenberg  Alexander Brown , Raise the Roof,
,Harry Belafonte , Shake Senora,
,Hawksley Workman , Striptease,
,Hercules and Love Affair , Blind,
,Holy Ghost! , Wait and See,
,Hoodie Allen , No Interruption,
,Hot Chip , Over And Over,
,Hot Chip , Ready for the Floor,
,Hot Hot Heat , Bandages,
,Hot Hot Heat , Goodnight Goodnight,
,House of Pain , Jump Around,
,Hyper Crush, Keep Up,
,Hyper Crush , Ayo,
,Hyper Crush , Chead,
,Hyper Crush , Werk Me,
,Icona Pop , I Love It,
,Icona Pop , Manners,
,Interpol , Evil,
,Is Tropical , The Greeks,
,Jay-Z and Kanye West , Niggas In Paris,
,Jimmy Eat World , Sweetness,
,J-Kwon , Tipsy,
,Jookabox , Don't Go Phantom,
,Joy Electric , Monosynth,
,Junior Senior ," Go Junior, Go Senior",
,Junior Senior , Move Your Feet,
,Junior Senior , Rhythm Bandits,
,Justice , D.A.N.C.E,
,Justice , DVNO,
,Justice vs Simian , We are your friends,
,Justin Timberlake , Medley Let Me Talk To YouMy Love,
,Justin Timberlake , SexyBack,
,Kaiser Cheifs , Every Day I Love You Less and Less,
,Kanye West , Gold Digger,
,Kanye West , Monster,
,Katy Perry , ET,
,Katy Perry , Last Friday Night,
,Ke$ha , Blah Blah Blah (ft 3OH3!),
,Ke$ha , Take It Off,
,Ke$ha , Tik Tok,
,Kid Cudi Vs Crookers , Day N' Nite,
,Kids of 88 , Downtown,
,Kids of 88 , Just A Little Bit,
,Kids of 88 , LaLa,
,Kids of 88 , My House,
,Kimbra , Warrior (Feat. Mark Foster & A-Trak),
,King Fantastic , On Q,
,Klaxons , Golden Skans,
,Knife Party , Centipede (Official Video),
,Knife Party , Internet Friends,
,Kylie Minogue , Can´t get you out of my head,
,La Roux , Bulletproof,
,La Roux , I'm not your toy,
,La Roux , In For The Kill,
,Lady Gaga , Judas,
,Lady Gaga , Just Dance ft. Colby O'Donis,
,Lady Gaga , LoveGame,
,Lady Gaga , Poker Face,
,Lady GaGa , Telephone,
,Ladyhawke , Magic,
,Ladytron , Destroy Everything You Touch,
,Ladytron , Seventeen,
,LCD Soundsystem , Daft Punk Is Playing At My House,
,LCD Soundsystem , Dance Yrself Clean,
,LCD Soundsystem , Drunk Girls,
,LCD Soundsystem , North American Scum,
,Lights , Toes,
,Lil Jon & The East Side Boyz , Get Low,
,LMFAO , Party Anthem,
,LMFAO , Sexy and I Know It,
,LMFAO , Shots (ft. Lil Jon),
,LMFAO , Sorry For Party Rocking,
,Lords of Acid , Pop That Tooshie (Feat. Alana Evans),
,Lords Of Acid , Pussy,
,Luciana vs Richard Vission , When it feels like this,
,Ludacris , Shake Your Money Maker (ft Pharrel),
,Ludacris , What's Your Fantasy ft. Shawnna,
,Lykke Li , Get Some,
,M.I.A. , Paper Planes,
,M.I.A. , XXXO.wmv,
,M83 , Midnight City,
,M83 , OK Pal,
,Macklemore and Ryan Lewis , Thrift Shop,
,Madeon , Icarus,
,Madeon , Pop Culture,
,Madonna , Express Yourself,
,Madonna , Like A Prayer,
,Madonna , Vogue,
,Major Lazer & La Roux ft. Rusko , Tigerlily (DYWHAP Blend),
,Mark Ronson , Oh My God ft. Lily Allen,
,Marky Mark and The Funky Bunch , Good Vibrations,
,Maroon 5 , This Love,
,Martin Solveig , The Night Out,
,Mason vs. Princess Superstar , Perfect Exeeder,
,Master P,Make Em Say Uhhh,
,Matt & Kim , Daylight,
,Matt & Kim , Yea Yeah,
,Matt and Kim , Im a Goner (Featuring Soulja Boy and Andrew W.K.),
,Maximum Balloon , Groove Me (ft. Theophilus London),
,Maximum Balloon , Tiger,
,MGMT , Electric Feel,
,MGMT , Kids,
,MGMT , Time To Pretend,
,Michael Jackson , Beat It,
,Michael Jackson , Billie Jean,
,Michael Jackson , Smooth Criminal,
,Mickey Avalon , My Dick,
,Miike Snow ,Animal,
,Mike Posner , Cooler Than Me,
,Mindless Self Indulgence , Never Wanted to Dance,
,Moby ft. Gwen Stefani , Southside,
,Modeselektor , Dark Side of the Sun,
,Modeselektor , The Dark Side Of The Sun ( Feat Puppetmastaz ),
,Modest Mouse , Dashboard,
,Modest Mouse , Float On,
,Modest Mouse , Ocean Breathes Salty,
,Modest Mouse , Tiny Cities Made of Ashes,
,Morgan Page , Fight For You,
,Moving Units , Emancipation,
,MSTRKRFT , Easy Love,
,MUSE , Supermassive Black Hole,
,N.A.S.A. ," Gifted (feat. Kanye West, Santogold, & Lykke Li)",
,N.A.S.A. , Whatcadoin,
,N.E.R.D. , Everyone Nose (All The Girls Standing In The Line For The Bathroom,
,Naughty By Nature,OPP,
,Nelly , Hot In Herre,
,Neon Hitch , Fuck You Betta,
,New Young Pony Club , Ice Cream,
,Ok Go , Here it goes again,
,Outkast , Hey Ya,
,Outkast , Roses,
,Outkast ," So Fresh, So Clean",
,P!nk , Get The Party Started,
,Passion Pit , Little Secrets,
,Passion Pit , Sleepyhead,
,Passion Pit , Take A Walk,
,Passion Pit , The Reeling,
,Paula Abdul , Straight Up,
,Peaches , Fuck The Pain Away,
,Peaches , I Feel Cream,
,Peaches , Lovertits,
,Peaches , Mommy Complex,
,Peaches , Trick N Treat,
,Peter Gabriel , Sledgehammer,
,"Peter, Bjorn & John ", Young Folks,
,Petey Pablo , Freek-a-leak,
,Phantogram , As Far As I Can See,
,Phoenix ,1901,
,Phoenix , Lisztomania,
,Pitbull , Fuego,
,Pitbull , I Know You Want Me.flv,
,Pitbull ft. Lil Jon , Krazy,
,Pixies , Where Is My Mind,
,Planet Funk , Lemonade,
,Pop Levi ,Pick-Me-Up Uppercut,
,Port O'Brien , I Woke Up Today,
,Prince , Pussy Control,
,Princess Superstar , Perfect,
,Prodigy , Smack My Bitch Up,
,PSY , GANGNAM STYLE,
,Purity Ring , Fineshrine,
,Queen , Under Preasure,
,Ratatat , Neckbrace,
,Reggie and the Full Effect , Deathnotronic,
,Reggie and the Full Effect , Love Reality,
,Ricky Martin , Livin La Vida Loca,
,Right Said Fred , I'm Too Sexy,
,Rob Base , It Takes Two,
,Robin Sparkles , Let's go to the Mall.flv,
,Robyn , Call Your Girlfriend,
,Robyn , Criminal Intent,
,Run DMC , It's Tricky,
,Santigold , Creating Kryptonite,
,Santigold , L.E.S,
,Santogold , The Creator,
,Saul Williams , List Of Demands,
,Savage , Swing,
,Self , Trunk Fulla Amps,
,She Wants Revenge , All Wound Up,
,She Wants Revenge , Tear You Apart,
,She Wants Revenge , Your Love,
,Shiny Toy Guns , Don't Cry Out,
,Shiny Toy Guns , Le Disko,
,Shit Robot , Take 'em Up,
,Shit Robot , You Dont Know,
,Simian Mobile Disco , Hustler,
,Sir Mix A Lot , Baby Got Bac,
,Skrillex , First Of The Year (Equinox),
,Skrillex , Fucking Die (Cooper Mix),
,Skrillex , Monsters,
,Skrillex , Rock n Roll (Will Take You to the Mountain),
,Sleigh Bells , Comeback Kid,
,Sleigh Bells , Crown on the Ground,
,Sleigh Bells , Infinity Guitars,
,Sleigh Bells , Riot Rhythm,
,Sleigh Bells , Tell 'Em,
,Sleigh Bells ,Riot Rhythm,
,Sneaky Sound System , We Love,
,Spank Rock & Benny Blanco , B.O.O.T.A.Y.,
,Spank Rock & Benny Blanco , Pussy,
,Spank Rock & Benny Blanco , Shake That,
,Spank Rock & Benny Blasco , Pu$$y,
,Spose , I'm Awesome,
,Starfucker , Girls Just Wanna Have Fun.flv,
,StayGold , Backseat,
,Sublime , Santeria,
,Sublime , What I Got,
,Sugar Ray , Fly,
,Swedish House Mafia , Greyhound,
,Technotronic , Pump Up The Jam,
,The B-52's , Love Shack,
,The Bird and the Bee , Fucking Boyfriend (Peaches remix),
,The Black Eyed Peas , Hey Mama,
,The Black Eyed Peas , Let's Get It Startet,
,The Black Eyed Peas , My Humps,
,The Black Eyed Peas , Pump It,
,The Black Eyed Peas , The Time (Dirty Bit),
,The Black Keys , Lonely Boy,
,The Black Keys , Next Girl,
,The Cribs , Men's Need's,
,The Crystal Method , Name of the Game,
,The Faint , Agenda Suicide,
,The Faint , I Disappear,
,The Faint , Paranoiattack,
,The Faint , The Geeks We're Right,
,The Faint , Worked Up So Sexual,
,The Fashion , Like Knives NEW,
,The Helio Sequence , Hallelujah,
,The Ian Carey Project , Get Shaky,
,The Joy Formidable , Whirring,
,The Killers , Mr. Brightside,
,The Killers , Somebody Told Me,
,the Knife , Handy-Man,
,The Knife , Heartbeats,
,The Knife , We Share Our Mothers Health,
,The Knife , You Take My Breath Away,
,The Left Rights , Im On Crack,
,The Limousines , The Future,
,The Lonely Island , I Just Had Sex (feat. Akon),
,The Lonely Island , I'm On A Boat (ft. T-Pain),
,The Lonely Island , The Creep (feat. Nicki Minaj & John Waters),
,The M Machine , Glow [OFFICIAL],
,The Mitchell Brothers , Michael Jackson,
,The Naked And Famous , Young Blood,
,The Panthers , Thank Me With Your Hands (MSTRKRFT RMX),
,The Prodigy , Omen,
,The Prodigy , Smack My Bitch Up,
,The Rapture , Whoo Alright Yeah Uh Huh,
,The Rapture ,Echos,
,The Raveonettes , I Wanna Be Adored,
,The Shoes , Time to Dance,
,The Skies Revolt , It's All In The Reflexes,
,The Strokes , Under Cover of Darkness,
,The Ting Tings , That's Not My Name,
,The Unicorns , I Was Born A Unicorn,
,The Wombats , Techno Fan,
,Theophilus London , Last Name London,
,Three 6 Mafia , Stay Fly,
,Timbaland , Pass At Me,
,TLC , No Scrubs,
,TV On The Radio , Wolf Like Me,
,Usher , Yeah,
,Vampire Weekend , A-Punk,
,Vanilla Ice , Ice Ice Baby,
,Wang Chung , Everybody Have Fun Tonight,
,White Town , Your Woman,
,Whitney Houston , I Wanna Dance With Somebody,
,Will Smith , Gettin Jiggy With It,
,Yacht , Dystopia,
,Yacht , Psychic City,
,YACHT , Utopia & Dystopia (The Earth is on Fire),
,Yeah Yeah Yeahs , Gold Lion,
,Yeah Yeah Yeahs , Heads Will Roll,
,Yelle , Ce Jeu,
,Yelle , Je Veux Te Voir,
,Yoshimoto , Do What You Do (Trentemoller Remix),
,Young Jeezy , Go Getta ft. R. Kelly,
,Zoot Woman , We Wont Break,